x1,x2,x3,x4,x5,x6,x7,y
0.0,-4.246112226151243,1.0733620810448499,-3.0179515518815494,-15.944276587943671,9.261775475316414,7.569886166453519,0.9934283060224653
0.10101010101010101,-1.1811278874879962,1.7429596397107638,-2.2327736505814983,-5.993750229537729,19.094166404701305,-9.221653241776254,0.026501700687933727
0.20202020202020202,-0.8665273879641467,3.370365850737952,3.5596057251716444,0.05243699718183166,-13.985675738191413,8.696059201056602,1.901437682261991
0.30303030303030304,-2.164407565240614,3.3432243379228908,3.6280262483059476,0.46980593764742057,5.629692366905709,13.556378588049508,3.95515062190696
0.40404040404040403,-0.16062481176570415,-3.8905838614470305,0.13953796294576953,-4.500654714792437,-6.506425691218269,4.134349032237009,0.7438144626745402
0.5050505050505051,1.616192974484019,-2.510444816715065,0.7833728136110741,6.2284993234749875,-4.871253837646961,18.76795812558066,1.046877601253154
0.6060606060606061,6.143406188480075,1.908742165262343,6.6036418179126795,-10.676204293825943,-5.923939242388691,-7.73789199103573,4.976607449196601
0.7070707070707071,1.0893900041520825,1.9656002769790506,-1.2694610814879381,-1.423794850212935,-8.63990769679816,-12.44654703311417,3.656081579517939
0.8080808080808081,1.4191158186329398,2.0299915437666285,2.633977620391908,1.2029563171189885,0.48521627944826995,-17.787202489042787,1.48529365237252
0.9090909090909091,0.5039349799742256,12.103649017418709,0.3349472345978206,5.14438834058749,-8.309501164110378,14.96044311489183,3.8123928144446566
1.0101010101010102,-4.948232837816317,2.318732138140107,-0.23968451950544944,7.1161487808888975,2.704568257798388,6.543656563540577,2.1034676446781058
1.1111111111111112,0.8093472625412383,4.073363587208464,5.1156695558066065,-11.246420918378693,-0.5023810944913696,-0.5558467091045507,2.4018738261928196
1.2121212121212122,1.150387599520049,3.589278017752334,4.537751849800831,-15.341141707356222,-2.3894804686640976,2.7996862631982027,4.120288179495705
1.3131313131313131,8.440231387960909,2.742052541796182,3.287888579026057,12.77676821898509,-9.07563662041598,-11.254890472983766,0.11283345007834367
1.4141414141414141,0.5542302369697637,-0.09732288543618839,5.459691801836769,3.3231401197959167,-5.767713305683327,24.457519796168263,0.7925885773981767
1.5151515151515151,2.1167632391220494,3.1859985705707112,1.1102792126228158,-7.484865365565536,7.55391225825756,1.292211819752275,3.4208794869725994
1.6161616161616161,1.188793983813563,-1.3487786739157457,3.574658667524656,15.51151975522523,5.0091718762438076,1.093947946048929,2.822822607816001
1.7171717171717171,-2.132296739121222,0.31984721008300365,0.49293591863788566,1.1567463429285867,-9.775552447985511,7.2576662389869195,5.780009816705699
1.8181818181818181,4.883013898090516,-0.3651815525782196,2.388214601004678,11.792971840638264,0.9933230542922588,4.810092317367133,3.6384973035030326
1.9191919191919191,3.7911526334138577,1.397137569674119,0.3593182890008141,0.6751848141010895,7.51387123371789,2.238840242791314,2.932968354905175
2.0202020202020203,3.989257457290757,8.156096912141738,3.085554939505623,20.60747924881987,-16.694052811213716,-7.904744554453119,8.991903598449168
2.121212121212121,-1.0311926674145198,-4.329068305047971,4.154253230546642,17.553408424432043,5.43360192379935,4.7146835713599575,5.912083762663292
2.2222222222222223,5.986160710586075,3.392113904456874,-1.2323658101211357,-2.489641484790735,-6.626237589458467,18.820244964750337,6.8017230760425145
2.323232323232323,-2.3469673297909845,-3.4442082196295614,9.605609281922858,9.715709509543554,5.7059866859315935,13.454200461549776,4.120200597270055
2.4242424242424243,3.69996522079475,0.03874985717715429,-2.1688809788957357,6.453759495851475,-7.632591565425169,15.931866266393971,6.183961823676908
2.525252525252525,8.591568897631957,4.782003306053613,-2.5174736245977365,13.686315575323487,-18.04882100664519,-5.112156764311852,7.797602755177308
2.6262626262626263,-0.8705988743819639,1.7685976330439641,6.305483711183253,-9.649234605801045,-16.275424378831627,-9.896048202585808,5.576800723943274
2.727272727272727,0.482924993009866,-1.5968706974242823,5.846615041404601,6.860514599984393,0.48084946661381994,-1.2578692009964816,8.933214218509526
2.8282828282828283,2.561580357889186,-0.44894143081020776,4.681550599711883,10.584244868495878,2.597225017214819,0.5572491228869461,7.283571105010875
2.929292929292929,0.8330073810857459,3.796369004379785,4.974729423544789,-17.587394864231143,-9.043166251044086,10.941915184709485,8.204491288292234
3.0303030303030303,-2.227747868955974,-0.3729180769695921,2.31726166854743,-11.83258512665775,6.385924587773739,-16.924646297148193,7.887495866450296
3.131313131313131,2.710739429468587,2.528163647533803,0.3405312429438543,-20.392321777601005,-16.6152006226896,15.295503194606137,13.098495762957269
3.2323232323232323,-0.6010525553197286,2.0761094591053806,3.204210807023054,-2.6940683444455775,-0.6607979864731657,-1.5800789857898943,9.669975247493829
3.3333333333333335,4.087443958572212,0.04519895718254885,-0.34327340342198687,7.175422557959623,-12.110161997624566,-4.2688106994742006,7.884578142088199
3.4343434343434343,-0.010797955226661937,8.492438328582038,7.484914971842009,15.02357052096028,-6.5183610780215915,-10.121043752601675,11.948120127236681
3.5353535353535355,7.478086043335447,4.0229691881661545,1.8610824658270135,0.7409478041977519,0.47398671316414015,-16.548566718657693,8.164373306118561
3.6363636363636362,0.559331032082198,-3.8936095781546403,0.09605664256007973,16.28615545571292,-8.604133652839524,8.231705839619146,11.32681809910042
3.7373737373737375,2.0237144412819634,2.801787186732525,0.9022909226965243,-13.801014582148914,-3.8455554422982536,0.7331796718840389,7.292780964361661
3.8383838383838382,5.5112587228160805,0.3176709087251388,4.309359642308894,-17.033824393551548,10.062928092144405,-12.899608997410539,8.858779417354654
3.9393939393939394,-0.541077797786714,4.9209363680250355,1.4086730757601207,-0.5554769889661878,-5.768918695231488,-12.95078772063616,12.211904289920065
4.040404040404041,3.914703036135621,0.04668020894432212,0.7905620020951569,3.8406544893930725,8.356921120651418,-3.3578469929012824,13.598145281202942
4.141414141414141,7.234559575978597,2.1406391604477872,4.804842541954358,-0.3269474809409311,-11.297068546576181,16.69021525289393,12.766978986622362
4.242424242424242,-1.4285103097442886,4.060416382395917,4.728659133183765,-20.674421000398766,5.298041779152828,-2.595913513636048,12.495976162496246
4.343434343434343,4.028649050344388,5.203326188570971,1.7006559902528169,-0.8912003951278841,14.415686206579004,-15.031429531181061,12.428095639124454
4.444444444444445,4.335203938300826,-0.9342225545006619,1.228733583306253,-13.044695005048531,-24.716445001272895,-2.4574306408594433,10.37628935259848
4.545454545454545,5.981832251695567,1.723769019749882,4.58720231530281,6.696725488300385,-7.968952554704768,-2.7272356974767047,12.196675219574217
4.646464646464646,0.006319584537471279,1.363042854395919,-1.886902446746988,3.6659824609684826,5.7707212718054,-26.968866429415716,13.018116397474362
4.747474747474747,-0.16339004127303092,0.8884971507637125,-0.7228544890475996,-9.398797863273552,-2.030453860429927,-0.5429486651781221,16.356668694862073
4.848484848484849,5.444612575638572,8.205453629934201,1.6960304523676966,-5.138669173366935,3.7114587337130884,-2.3093453020867796,15.232691124591469
4.94949494949495,4.8505499792955185,4.184642102579836,2.5429327544804257,-10.592135218889515,-6.039851867158205,6.962063648134183,11.322404537759382
5.05050505050505,4.79188259144167,-0.7523488327021055,5.98353518948344,-0.6267909727317188,0.8658978747289992,18.489560949453452,15.79968309030474
5.151515151515151,5.160556749703048,5.8444949320734185,10.306739135912053,9.551423205012382,-1.5567723539207947,11.265650295477574,14.68438089371282
5.252525252525253,2.16194603728473,9.517983742553051,7.751758019897229,-9.857260463355438,11.677820616598073,-2.688886905548306,14.40373175696384
5.353535353535354,4.979589374311294,6.309516993774652,4.545433471632632,5.040465155178444,2.5442084330121313,-11.065259087416702,17.2839586382878
5.454545454545454,5.242853783532407,-1.2853826251347682,5.451625790977725,-5.302576183724408,3.3760266207520218,25.733598032498605,18.425635408628267
5.555555555555555,2.3013901903653413,1.880631114734579,1.5486506129184834,-7.928728322623442,-4.118769661224674,0.5921843401448825,18.529226904899062
5.656565656565657,10.122576058686795,7.194672841499262,4.5133260330059475,-1.0703035995455783,-4.876062240724935,0.13929291912946204,15.291261923251692
5.757575757575758,6.027559368795969,1.3315370576891126,3.8416562006269,-10.35242322419374,-4.325581878196209,-0.24125087110003277,16.654302521024846
5.858585858585858,1.1129581952607408,4.8466097995902,6.762359572921769,-5.536493053471821,3.9445214237829687,1.9808476076785495,18.2382844385647
5.959595959595959,6.737337593578257,5.899659736045586,2.640039665700487,-11.978778925888484,-4.20984480820263,-1.4436041192394247,19.829878133032597
6.0606060606060606,1.9244398378028844,0.8555722216293873,7.244426968802969,19.647251329163893,2.897748568964129,-5.736620068802363,17.2234697061276
6.161616161616162,7.290546740520286,3.5183936287842967,11.565014811466565,0.35263551971728613,20.75400798645439,-5.468589412403921,18.11353053152085
6.262626262626262,8.485887747123222,-5.966226262631461,4.537522058132588,-6.997255079925856,8.711247034316923,-0.32753270215998387,16.57520883986673
6.363636363636363,2.6288621358539594,0.7450188941789482,6.616395641220089,2.13979910734222,-3.2602353216784112,-5.434247711337649,16.698495842747747
6.4646464646464645,8.061845559450138,3.121083424608398,9.066273278462788,-1.1232804969082983,12.012139221639448,-7.128457826771644,21.01899103872779
6.565656565656566,6.490868033334747,0.19604439349939096,5.117953038690057,-2.20969599533223,-4.080753730215514,1.0643022769189683,22.409449754111343
6.666666666666667,7.799513813316803,8.897233911794906,6.8531638542934665,6.141667000434252,-20.38124535177854,-2.549772174208553,19.855979756839332
6.767676767676767,11.104520362103257,-0.2298180732758377,6.7433984327714835,7.575077100473051,-10.080863109174041,15.039929885826886,22.31009609881435
6.8686868686868685,4.758785146940883,2.8010786611211698,6.789504191042089,-5.305011476105275,-18.707919210258556,-26.509698083930118,21.329332656155874
6.96969696969697,3.314549082685107,4.574039913676455,2.7936162845423325,-5.7581824064468,-3.5151348404130864,10.915068519224619,19.61885139988066
7.070707070707071,2.9880223676890876,8.566244109622588,6.678514423977181,-2.75051697151644,0.18418379189551698,12.460851924976291,21.934912423138037
7.171717171717171,3.289942882477422,-0.004556150508015833,9.369360559406836,-23.01921164735585,16.764373122752826,-20.733902324081495,24.591224648083454
7.2727272727272725,5.586876689939506,7.853127620101242,12.32853335316874,-15.151910621985522,3.2692737376416265,-3.4268759408034875,21.746529739961915
7.373737373737374,6.922445823439832,4.454941607301185,11.412233134192867,13.668742674445246,-2.1910052880886424,-3.7144086599579147,25.250499432840133
7.474747474747475,6.809870377788037,1.5403225317046316,13.768155494865105,16.449677135012838,8.294055811834891,-14.075116947178213,17.184752216062936
7.575757575757575,8.542155807714131,5.931764968244357,4.241933069254754,-2.4903603955637834,-22.11135309007885,-7.778166875908753,24.371077736023175
7.6767676767676765,6.180419817047863,5.203239692781016,10.450601696916525,5.765569630557664,2.3561455810856593,-11.105758454658288,23.204397166779373
7.777777777777778,10.582824453694172,2.866016035190282,7.553963612673885,3.112501545435361,7.708651938869668,17.52270443423623,22.735318632401597
7.878787878787879,5.509059803316435,4.936678982242785,15.905177289701081,30.78880808455238,-14.785862457798416,9.356783931474611,23.81988518943464
7.979797979797979,14.54434588360724,3.6319379972935066,2.7560836916370395,11.195749114345768,11.43754043206929,12.715550949941587,19.964256110192153
8.080808080808081,8.341648507941484,5.189036884238593,3.782036771301661,-1.2791759148076653,3.384964074944141,7.216720640432351,23.80308046674922
8.181818181818182,3.9739818762056984,6.895482932654049,5.180333324767323,-9.555404406004257,-4.152879139008013,-11.290517712172292,25.25967968847804
8.282828282828282,3.413585132079289,9.727747418133024,-0.15430101584886557,-16.064463202575723,6.327818661062849,-5.245202662797737,27.804272937967877
8.383838383838384,8.154487952800263,1.3168565338224831,5.131472327767312,2.034636358672231,22.706928578043957,4.89374561227918,24.114974714967857
8.484848484848484,6.117490431901235,11.49000921487789,4.114736828412931,-7.563507452843034,1.8186625505849516,-12.221278088919455,23.837558248759077
8.585858585858587,9.010688350963145,-0.7047482470523541,8.027793647026835,-14.222537095976742,2.4822058630033608,7.129984301723881,24.754061670406685
8.686868686868687,8.369207823215584,4.756765927014462,9.734446991911701,-6.465728842425266,-4.593608995402441,-2.4032539815813503,27.89141029601021
8.787878787878787,6.811816292332412,7.0376788921810025,15.611024931750263,-10.81548003614395,-8.498443694647918,-3.7482080754959752,27.02113858295573
8.88888888888889,4.570729956905897,6.176308936538431,11.483839230483978,16.871416350725646,8.303358165442456,7.109599682034915,25.60714625913259
8.98989898989899,2.6473775178615977,3.525840834477612,6.091254928127491,8.816397569494505,-8.560838259088673,4.4426331148603975,27.99623183592368
9.09090909090909,5.9331824165262095,4.830178703473629,4.6464060260335724,-0.07972641316617372,0.7156623721939247,-3.609661658190799,27.46688237142335
9.191919191919192,9.92273173650577,4.0361487111750165,10.821590953073029,14.79944138890026,-4.776574467651167,11.59329803364248,29.513047556823356
9.292929292929292,8.076624666734046,3.8076633049249407,2.6614716792273816,0.7736830764761831,4.789798257463919,-10.810633275998974,26.47468169103317
9.393939393939394,3.7779351790155515,8.18516992742671,15.583783230004208,-8.612842013282636,3.336621052869483,6.159356069442637,27.526493888622646
9.494949494949495,8.115502373513142,6.7680161548648385,13.027950136460397,15.231240772696573,10.375399442578992,5.931012579683838,27.70063217858417
9.595959595959595,8.832719815954187,3.6788469717937944,5.881552059065545,5.3891004368465865,-5.10016398854747,-3.0954643931399026,25.86084889161455
9.696969696969697,5.106003448972359,8.516981444481571,2.0524067771479633,-10.372461543264563,-2.6987493529337128,3.2613302224211798,29.683149645038245
9.797979797979798,8.299559156220422,6.800686441417706,14.390304478151402,-1.9033867808360818,-9.787637157823074,-12.51113576385303,29.91604993829917
9.8989898989899,8.09381807452992,8.37798029591082,8.453999602065915,-8.756182533847571,-4.442932600761116,9.24027019206901,29.70719661025462
10.0,4.571089106508131,7.888886525770837,13.810512967868759,-13.827997309643361,3.773004930448522,-1.8490213644298903,29.530825733249706
