x1,x2,label
-4.657133685042658,3.5203094811818514,0
-4.863905474741814,3.2814003972580603,0
-4.635458571165313,3.4771827081520685,0
-4.379244041173814,3.700208149791182,0
-4.928166272716712,3.1175751820183657,0
-4.9389686980105,3.0725432651695246,0
-4.394473475753414,3.58229317761066,0
-4.652848845776147,3.2886596608351426,0
-5.040894922488838,2.8648456257609154,0
-4.740344066848322,3.129121780503646,0
-5.056883942731693,2.7758035737398288,0
-5.0658803832002794,2.7295283281757343,0
-4.8571931234825225,2.9004395072937506,0
-5.5241407085325545,2.1952218075193373,0
-5.473521421933998,2.2070802290391027,0
-5.124351794764368,2.517001566654633,0
-5.268388447478889,2.3332325676133037,0
-4.868047293486362,2.6933607277434417,0
-5.24738124280047,2.2733365875104954,0
-5.406583296168043,2.072970637592691,0
-4.530395497775604,2.9075243658749153,0
-5.052010012982229,2.3438091794127818,0
-4.965869718309184,2.387385814136462,0
-5.425689307945754,1.8845432280348868,0
-5.15905234768153,2.1077015469100937,0
-4.960855413147704,2.26196792581916,0
-5.348899672897161,1.8295449656740153,0
-4.883201215333548,2.2504203859889182,0
-5.183000550875925,1.905357522389075,0
-5.089074744819757,1.9535831934196406,0
-5.184121016699688,1.8124041008496767,0
-4.432954979579119,2.5170085900461245,0
-5.003206561364103,1.8997707283202445,0
-5.321631315262249,1.5339389941259025,0
-4.7447395369413154,2.063007159555051,0
-5.368054226196182,1.3914563283217045,0
-4.928173047078408,1.7826929752802905,0
-5.5889252566260845,1.072892017340664,0
-5.39244391686882,1.2199246011049594,0
-4.922104409162347,1.6404195881718777,0
-4.752270624874447,1.760017364086683,0
-4.921272996925542,1.5403918064336373,0
-5.004143588270894,1.4065151959839368,0
-5.0555101231655355,1.3037641850580635,0
-5.409991417260896,0.8975243670536295,0
-5.17160192772494,1.0837857259469217,0
-5.085626126388435,1.1172682627655566,0
-4.614108045911874,1.535932449037767,0
-4.824933365104433,1.271897141086964,0
-5.461640937877194,0.5816280506893715,0
-4.814628698798176,1.1747318391272379,0
-5.022859685476199,0.9122500944106285,0
-5.102967877981253,0.777553491460151,0
-4.699041952661412,1.126558037890618,0
-4.560694932265177,1.2096554234868024,0
-4.580756557722416,1.1340206480181334,0
-5.111658820100568,0.5472264888757172,0
-4.938190657329414,0.6644888039384087,0
-4.730502869582539,0.8156616157798462,0
-4.521235881021663,0.968109349510297,0
-4.953849657768926,0.4783769143882923,0
-4.851091154820228,0.5237222564889412,0
-5.119463803446266,0.1976468708823736,0
-5.133200094133665,0.12592321826988295,0
-4.504354484660525,0.6965018164835628,0
-4.323396626258909,0.8189180138968755,0
-4.745453281584426,0.3380500710260718,0
-4.400943933733128,0.6234835510823004,0
-4.5815672204720945,0.38352488530799606,0
-4.87343471571202,0.03206759106937532,0
-4.54884001522389,0.29682318570288035,0
-4.17178707836807,0.6137928443473709,0
-4.635989889117308,0.08926773848055491,0
-4.128450165094546,0.5362513264388065,0
-5.390681804416992,-0.7867650938710248,0
-4.318952552094301,0.22395594818436432,0
-4.524841063190135,-0.043158967644370584,0
-4.62360592306642,-0.20336317318263725,0
-4.484274205926752,-0.12567847082610412,0
-5.100405238329802,-0.8036588975064494,0
-4.5388994406929974,-0.3041995666489147,0
-4.341490395841241,-0.16902873717640213,0
-3.977236366340027,0.13280066870060375,0
-4.566387660938212,-0.5189563014169706,0
-4.6331428353782975,-0.6484928313866734,0
-4.516851947882283,-0.5951535924713125,0
-4.0603973496519945,-0.20181553430151522,0
-4.216736225397375,-0.4214304258674938,0
-4.45589390539842,-0.7240181680456894,0
-4.112812237847038,-0.44451516640648886,0
-4.2158847549013405,-0.6113094977355371,0
-3.9245392372925214,-0.38382347510869674,0
-4.41076479202917,-0.9340407260655247,0
-4.270833070400594,-0.8582274110827585,0
-4.264827600682086,-0.9164615567507195,0
-4.566596483694017,-1.2825857518044859,0
-4.001713097919183,-0.7821678527141975,0
-3.9856568402005235,-0.8306817248565966,0
-4.0368400425805335,-0.9465341598290613,0
-4.0827069143106485,-1.0571638179343978,0
-4.416201032162225,-1.455508718967935,0
-4.083647617453671,-1.1878885197214897,0
-4.031294001242182,-1.2005449796525491,0
-4.143076506996503,-1.3774088440351218,0
-3.917754961682037,-1.2172343555234668,0
-3.715251914524039,-1.0799384733944657,0
-3.231879137348215,-0.6618273743678534,0
-3.725464922790425,-1.2207237512960214,0
-3.6695847767639873,-1.230197506111802,0
-3.740363478010602,-1.3663678098602503,0
-4.273595863622046,-1.9650238887015037,0
-3.6631176452870817,-1.4199958406391344,0
-3.6048128648743036,-1.427162091584688,0
-2.8374192397328244,-0.7252547411402354,0
-3.617653657672879,-1.570985058061016,0
-3.4338322296308563,-1.4526635334026103,0
-3.5037394740691097,-1.588069065402968,0
-3.817445380966242,-1.9672660239549309,0
-3.0765414781492644,-1.2918403174206259,0
-3.1622751200786148,-1.4430336818986647,0
-3.116141138687862,-1.4623353325459312,0
-3.602011611699835,-2.013611732375657,0
-2.859740933742904,-1.3367116638554704,0
-3.6829371478984063,-2.225237560936381,0
-3.0390879745597044,-1.6466715383931259,0
-2.512806168430838,-1.185620749303813,0
-3.4503359251732264,-2.1883237921772674,0
-3.284395086221128,-2.0874929162487597,0
-3.044223885658191,-1.9123627688364004,0
-3.1921261495933413,-2.1252315951963867,0
-3.4756503241964416,-2.4736422670375373,0
-2.9429942451725943,-2.005787052473915,0
-3.2516123289680277,-2.3791148077084303,0
-2.74394987326689,-1.936065278006743,0
-3.1322868575430207,-2.3889128987254464,0
-2.3384923733644563,-1.6595212260923027,0
-3.0140357180366055,-2.399354031324368,0
-2.8342608896245873,-2.283749796124495,0
-2.4478889144152554,-1.961424040616696,0
-3.0343533797251263,-2.611804856626527,0
-2.548761829950526,-2.189994304202772,0
-2.17880988919238,-1.8836825347128179,0
-3.0308951700833195,-2.7992617001393496,0
-2.4424992083502657,-2.274207888111493,0
-2.379250476124361,-2.2741441356822083,0
-2.179103279153183,-2.1370193270068683,0
-2.756206956250356,-2.776977393258069,0
-2.7409147043896263,-2.824366138183712,0
-2.136095289744232,-2.2820489496091327,0
-2.1636895347423595,-2.3719612869540505,0
-2.1364800151876193,-2.406880378813218,0
-2.0654917600629115,-2.3978259232191044,0
-2.337780235596277,-2.7318480721651697,0
-2.016628059637698,-2.472224146438651,0
-1.9558433992492836,-2.4727570336652627,0
-2.2217654787917445,-2.799780696848683,0
-1.389725430763123,-2.0286210256607187,0
-1.7729698097347577,-2.472519350827145,0
-2.2396472350979084,-2.9996190873225563,0
-1.6311877483100699,-2.45134509206325,0
-2.08717332834141,-2.9672741797985154,0
-1.5047469347207123,-2.444544166599703,0
-1.3475888816013823,-2.3468302443675624,0
-1.9096261730381416,-2.968054316548447,0
-1.3199402354190548,-2.437292731004004,0
-1.4445197623489872,-2.6205291253303935,0
-1.2752429268019205,-2.5096366394444405,0
-0.902206286213509,-2.1947068211080434,0
-1.5134180887973774,-2.8637429326743318,0
-1.6245535620269125,-3.0324152399972752,0
-1.6215630770484468,-3.0866691772705916,0
-1.554355191689508,-3.076408390459617,0
-1.2835439991111794,-2.8622420863751254,0
-1.110683893092081,-2.745719798376585,0
-1.0854302744198265,-2.776492093180667,0
-0.8719004461161717,-2.6186714665011754,0
-1.0758642704095531,-2.8780230004340823,0
-0.5897930947157017,-2.447013289848297,0
-1.0702024145493403,-2.982153105705165,0
-0.11140367997528244,-2.077749201914943,0
-0.7067982771818694,-2.7271982973132047,0
-1.1149426638818145,-3.1890522114621542,0
-1.1346723601343498,-3.2621418558707633,0
-0.6136002578533961,-2.7940755438983675,0
-0.7838086724322175,-3.0169310427721867,0
-0.4510757646877652,-2.736481995921929,0
-0.4788226068761789,-2.8161449893829036,0
-0.5999388604779297,-2.988805229966101,0
-0.7907424185633167,-3.230776188005929,0
-0.9490915032176235,-3.439911695164859,0
-0.5760648769192989,-3.117286156188328,0
-0.13121861420915637,-2.722451320947854,0
-0.28157555811989954,-2.922425741241638,0
-0.6820661267269162,-3.3721355777135713,0
-0.2016326975684879,-2.940518984638752,0
-0.09045309491047375,-2.877749597550546,0
-0.4325368624489787,-3.2678328063026703,0
-0.06873897143021156,-2.9516194635454727,0
-0.05165941846943875,-2.9817054828982825,0
-0.3729066689252236,-3.3496952826739874,0
0.13264069005562654,-2.890463439271242,0
0.2410713513825933,-2.827917285674079,0
0.4471925342611768,-2.6672456655531693,0
0.4845399148941113,-2.674909002902443,0
-0.2132066134873732,-3.4172235423424397,0
-0.0323484013350791,-3.280486810163241,0
0.45847085220689665,-2.833338719661853,0
0.5043067448028768,-2.8307199259663447,0
0.5508812372817884,-2.826904760001186,0
1.6183671377271338,-1.801716744715475,0
0.6602407487358569,-2.8016759481388753,0
0.8791066267296481,-2.624174224381734,0
0.8695777528338453,-2.674595043064178,0
0.8229590428952567,-2.7616299796028345,0
0.5730875270199984,-3.051438535974055,0
0.947673641593447,-2.7163068489915365,0
0.5247523012693127,-3.1781966186112793,0
0.7345127620652057,-3.006915245126506,0
0.7041312059827254,-3.0752832448344773,0
0.923305972250176,-2.8935990190770817,0
1.6520609663537993,-2.2018354454892726,0
0.417834274645451,-3.472551263667425,0
1.2445701405804397,-2.6817990992038356,0
0.5863517927401583,-3.375492635932755,0
0.9806073693896273,-3.0162006916377653,0
1.5033165416868255,-2.5279405951036384,0
1.2347460832291846,-2.8304426168272667,0
0.9301609739840959,-3.1684388653407773,0
1.0858343094565335,-3.045653378293743,0
1.5573285727570452,-2.606520850631172,0
1.1704181064280752,-3.025264163009328,0
1.5045656537125822,-2.7224178407653703,0
1.496569921916183,-2.761180490789584,0
1.3274036293928535,-2.9605767547701354,0
2.2268776173251044,-2.0907931976394134,0
1.8087125517971285,-2.538106605723455,0
1.0388037521052906,-3.336619158650051,0
1.7591741490970907,-2.644305471224383,0
1.5430881652467736,-2.887898713564021,0
2.049765337699493,-2.4081769882613115,0
1.5895818065916143,-2.8947618422656083,0
1.8399990138650257,-2.6701895682674177,0
2.0724887909017844,-2.462986117258132,0
2.2255735205894758,-2.3346269366549572,0
1.6358832443166083,-2.9484798634916816,0
1.9431661979113477,-2.6647945886619904,0
1.9423644257537116,-2.6886270429851704,0
1.9297739256257027,-2.7236792525297084,0
2.711733909695001,-1.9636100777991636,0
2.337055230947509,-2.3596067874650033,0
1.8687363547251907,-2.848669086989929,0
2.576675164621764,-2.1608973128891416,0
2.9862347770717035,-1.7709266182940575,0
2.693634408450311,-2.0825361060007266,0
1.9534138683351108,-2.8411843353526534,0
2.3105989848673048,-2.501843897019299,0
2.886671980712256,-1.943031037171272,0
2.322458443828236,-2.5239186868429617,0
2.714604317015549,-2.1478594725104947,0
2.8554025902887665,-2.0225590238422586,0
2.374068174593441,-2.5188011001006316,0
2.6786104239754622,-2.2285750680867267,0
1.7438822596045138,-3.1770267782266943,0
2.4608975923334233,-2.4731411421177727,0
2.7354864469735154,-2.2110870083539775,0
2.469121388186233,-2.4893907367311465,0
3.388387016044336,-1.5814667027780285,0
2.4889241309118857,-2.491673132964196,0
2.8293209025339596,-2.1614209356938385,0
3.0411539309397466,-1.9591326404817577,0
3.4790922258880155,-1.530138418582599,0
2.6353433851141,-2.3822299048141278,0
3.467036089122096,-1.5582777028308945,0
3.1503631263552294,-1.882088360015283,0
2.8827439427080184,-2.1562418180223393,0
3.360069908387148,-1.6848461459714479,0
3.314882989529449,-1.7353588688764625,0
3.1053296284787586,-1.9496330874125087,0
3.34509848853959,-1.7139797332015214,0
3.2402909538433344,-1.822297068980803,0
3.4271029357276492,-1.638388882253937,0
3.628857245794301,-1.4389321122587817,0
3.945151047195143,-1.1243293987028764,0
3.1143461298982897,-1.9562188065141795,0
4.178813929029758,-0.89222880751188,0
2.9614523357959683,-2.1094614694918787,0
3.544725087072432,-1.5254530666416217,0
3.8032683743005373,-1.2655674706423623,0
3.74098791092654,-1.3258990832247544,0
3.4959058186754377,-1.5684259498850988,0
3.6538976191768286,-1.4072727682451294,0
3.597536910319549,-1.4598662116785721,0
3.598540117892038,-1.4544901776474939,0
4.06903026480707,-0.979022018449843,0
3.948138215414592,-1.094331296874411,0
3.6563711977624775,-1.379911263903429,0
4.172857224497262,-0.8566344377707322,0
4.020457012573233,-1.0016406842071153,0
4.203665957052193,-0.8104352425905681,0
4.175764010723422,-0.8297388462718848,0
3.7572507781556985,-1.2390526284637582,0
3.8669893620128515,-1.1195142758619283,0
4.294211596655287,-0.6818927949759259,0
4.279099203923583,-0.6860073562733189,0
4.112365021812559,-0.8411460654290873,0
4.180744685116133,-0.760574282599792,0
4.561533911652935,-0.3669973361125834,0
4.014915700318934,-0.9002333243228202,0
4.388356403033615,-0.512817043573731,0
4.183719533357068,-0.7028861794808103,0
4.203261624192194,-0.6681854491267065,0
4.630012999753786,-0.22568582898489536,0
4.569911467743575,-0.2694508626330201,0
4.589444346285025,-0.2329946337021545,0
4.762790807534639,-0.04213942214521971,0
4.392170968432605,-0.3946666133617359,0
4.616474583362734,-0.1516880054089778,0
4.334530316513334,-0.4143765365078986,0
4.549961746585299,-0.1791102801975341,0
4.431856068378207,-0.2768037436071475,0
4.521889915749701,-0.16578204435080446,0
4.694471053330311,0.028360781337727736,0
4.281734144754421,-0.3622424530095262,0
5.1917479724307665,0.5704751358344976,0
4.26261339969421,-0.33538753689336515,0
4.217498087052484,-0.35666480753261015,0
4.961613051064653,0.41185229505074017,0
4.867275905502321,0.3424792908008585,0
4.833406931724617,0.33413431902674384,0
4.851700796344335,0.3785098562521753,0
4.672280558311694,0.22572672348738546,0
4.417668006462005,-0.0016955760312465928,0
4.731221195295366,0.339598679134619,0
4.516206700658138,0.1528736845069467,0
5.036792713427412,0.7022952035800347,0
4.707987827573495,0.4028693560912838,0
4.514558724946471,0.23936030302005973,0
4.682581233854605,0.43784130538240223,0
4.920636532969441,0.7068909283564084,0
4.63472262783025,0.4525045180109325,0
4.568153248877777,0.41799309956752606,0
4.906437766308555,0.7888632924868795,0
4.918531441078212,0.8340675617081496,0
4.699733646330875,0.6489024393182788,0
4.721590552652766,0.70491121004937,0
4.947188066980375,0.9651768504344781,0
4.443101088548536,0.4962712850071289,0
4.465145830928403,0.5540077085945465,0
4.6851805759655605,0.8102413405147748,0
4.848483565009158,1.0102473160686045,0
5.017288365409187,1.2162560533033564,0
5.3815395640989445,1.6182089468655776,0
5.20003129183468,1.4748968925145967,0
4.895729472305931,1.2092825365104407,0
4.945510640337936,1.2982390940974775,0
4.650789702629294,1.0431781105268918,0
4.957707372701542,1.3902368962947134,0
4.88042567035053,1.3535740268851748,0
5.072463570433128,1.5867049918529617,0
4.725108729626031,1.2809139218810766,0
5.141263980696097,1.7391000833537247,0
5.455037093284689,2.095367639446666,0
4.955985593291075,1.6392704698200746,0
5.115009094112139,1.8417045021711103,0
5.205660130768649,1.9762185466764366,0
4.873664815647825,1.6885349520544084,0
5.066544070435731,1.9261708378203954,0
5.002929685233524,1.9077541537292815,0
5.029640990194796,1.9801003517423321,0
4.763457799497719,1.7599853303320974,0
5.007316570706251,2.0503415941796175,0
5.151592588881879,2.2415404386253357,0
5.442214752932607,2.5795067363604236,0
5.290232510988011,2.4752858731473117,0
5.65367155759746,2.886899445366477,0
4.757662879733081,2.0394743063710568,0
5.256646477800964,2.587446287852732,0
5.042636002699624,2.422824837257891,0
5.653002162597957,3.082976424926268,0
4.731544745746923,2.2116965672662423,0
4.717463479852126,2.248180686493971,0
4.786111726185109,2.367777805114114,0
4.314294885621715,1.947288952330487,0
4.797581088022242,2.4822778538013246,0
4.7199972163811985,2.4567669561669367,0
4.991717063846729,2.780925584449808,0
5.043254282255079,2.8852628909724327,0
5.50534185538179,3.400507328994604,0
5.214196773092712,3.1628713272531632,0
4.7385456100983845,2.741076869107746,0
4.631452550753029,2.6881835177337434,0
5.047763026873733,3.1590320543380015,0
4.483692511548623,2.6498332723660343,0
5.438138979650108,3.6594804384168285,0
5.228231466124765,3.505097850936687,0
4.7129475905073335,3.0456583651396656,0
4.321072011332862,2.7099418478285173,0
5.247936210318741,3.6932749619878718,0
4.786547405936131,3.2886600807691417,0
5.187900007327974,3.7470867418242935,0
-1.654551907318797,2.2494618261533854,1
-1.0958610069828225,2.4617249204257647,1
-0.7615792697638524,2.605877043947218,1
-0.7481225042747388,2.6438790745176037,1
-1.0397909767361,2.5745043201662696,1
-0.44412297963839276,2.8206774241544075,1
-1.4077995535923922,2.5028325746304656,1
-0.8974477869576996,2.72323361924129,1
-0.7611456533334042,2.8083812776606947,1
-0.5522209087119796,2.923899192057931,1
-0.4544465649983396,2.998595073438983,1
-1.4888807843006946,2.6181487035883375,1
-1.7264112364414106,2.5500338974091132,1
-0.1797650545243572,3.224600179440981,1
-0.7158059374011607,3.035958491765595,1
-1.3238100988255646,2.8083700518244736,1
-0.07258947280663897,3.390881198400726,1
-0.873751648364185,3.0728461154438875,1
-0.30616949707302066,3.3665533749845906,1
-0.9264484384697873,3.118815270570962,1
0.1420709711579926,3.657127815757868,1
-0.040062621868422355,3.6134973908298864,1
-1.1380603551545008,3.1217944237962194,1
-0.495000205340296,3.4737066927524487,1
-0.6855878883895601,3.4173612388219197,1
-0.31433240320853084,3.6448016491373254,1
-1.5743401932363748,3.0334311251183284,1
-0.7105256051394386,3.5192625426980517,1
-0.5294106968461927,3.6546343180259466,1
-2.032169725301946,2.880227517229316,1
-1.7415817940898464,3.0685206714691096,1
-2.2030573246617062,2.84169062654534,1
-1.2909431591097675,3.3861115478468617,1
-0.7927571067643093,3.707853385773471,1
-0.40322206582656506,3.9748184177547206,1
-1.1594399100863004,3.5702301845363578,1
-0.3761619652537851,4.077797420464078,1
-1.937270728438151,3.1707225066449887,1
-2.1160197628040844,3.0911545477629847,1
-1.2914812462946736,3.637459858120656,1
-1.0855602830679842,3.8053906922341225,1
-1.3135146397923556,3.6976946938009077,1
-2.3526435418285985,3.0562706014271908,1
-1.37605635989933,3.7315248257183926,1
-1.9987408052002147,3.350948253745687,1
-1.0344259439412555,4.039429176505291,1
-1.2033397444004823,3.964233807105545,1
-1.864513732945697,3.542041606403064,1
-1.6720469322000167,3.7126804312053525,1
-1.9549825553021432,3.545872378584015,1
-1.4876379527505073,3.9199812566311834,1
-1.0146053547719136,4.307645033318287,1
-1.968399971563489,3.6387953810340656,1
-1.272422206548045,4.200519916161905,1
-1.7850813384872146,3.849395718248438,1
-1.927523414572112,3.7760560316977996,1
-1.6217426976804714,4.053041453459258,1
-2.0764736114503224,3.730171191005049,1
-1.8689631255502626,3.9332618879832912,1
-2.186658359722071,3.7112852929314513,1
-0.742849158199129,4.943034213787701,1
-1.6544169332990935,4.2285476387144705,1
-2.010782880302988,3.967030927848671,1
-1.614144195082341,4.346712953419262,1
-1.7828431704670544,4.242424885665148,1
-1.852192381083706,4.2226169336716595,1
-1.499133194722635,4.579644852698301,1
-1.4580280426997305,4.66252418582639,1
-2.0505729377448163,4.16540066735006,1
-2.0904971820691944,4.168555677798183,1
-1.9791098349754712,4.313647159840928,1
-2.880380830799669,3.4967280984242963,1
-2.556517603707607,3.840995324408925,1
-1.337834357372821,5.068197028498221,1
-1.2449547140933417,5.211713031076242,1
-2.074176384276414,4.433925325083754,1
-1.7482346050406234,4.808315724163797,1
-1.8832957522680913,4.717771766640928,1
-0.7563897136636246,5.938022765627735,1
-1.5966383230668568,5.114906847219033,1
-2.1343277545455273,4.5931372691519226,1
-2.4942095589786684,4.249720279218884,1
-2.778113530810281,3.9802176511203617,1
-2.0696647149875664,4.803746144264272,1
-2.4766722378811687,4.395191996493995,1
-2.761938485501522,4.1141141447357725,1
-2.476503357124052,4.48274763414352,1
-2.6683483419886556,4.303569199559661,1
-1.6160712712726704,5.589408275959791,1
-1.9549384442111148,5.24290007251368,1
-2.321387282566855,4.853389187112564,1
-1.781986778453398,5.565580685221693,1
-2.338099822223496,4.933033437370295,1
-2.7130393972274174,4.511722819612713,1
-1.8529429983608185,5.6554147177373615,1
-2.243579883169547,5.2111448487882965,1
-2.8439501088197785,4.479833142563333,1
-2.5601661620327034,4.902356635303299,1
-2.8301353350693974,4.590839426636098,1
-3.0328359375181435,4.362242070041331,1
-2.241519574205006,5.499797811651024,1
-1.926936497445006,6.000223088624722,1
-3.102260083849354,4.400528591948149,1
-2.451585321653072,5.381675448856066,1
-2.891329423513836,4.800445142300521,1
-2.860307835738682,4.898037683959979,1
-2.9199987885805276,4.862067478148443,1
-3.0340427325595054,4.742170888015618,1
-2.7592885084626215,5.216690390963054,1
-3.070681760496232,4.789628518376828,1
-2.7414694482463116,5.363437066325175,1
-2.8708030765223764,5.217440393560025,1
-2.9567138020571573,5.137458356893932,1
-3.190750286330937,4.810315687171704,1
-3.1129989721766336,4.995166776263014,1
-2.7325824731829895,5.69884765795617,1
-2.8388892382592847,5.5841382101636885,1
-3.30833089722485,4.830832312636172,1
-3.0151825283920575,5.407406045720311,1
-2.8530058791953667,5.764975824068498,1
-3.580401376473115,4.507420487363098,1
-2.9724758485531853,5.688077359179497,1
-3.3414253720666185,5.064834352159779,1
-3.0241606501326075,5.734028025669394,1
-3.420448773451996,5.038023649178413,1
-3.728560578453818,4.493629281253624,1
-3.7030808375071516,4.599920676282585,1
-3.2824570354658187,5.513518057875431,1
-3.255655436925552,5.641716985402193,1
-3.5849961093584843,5.0250794065757125,1
-3.2179399950881953,5.875506640839782,1
-3.825857431053022,4.636201300184282,1
-3.4539395851000627,5.518708879870414,1
-3.761855582902075,4.903936279158247,1
-3.6519504425185962,5.2221625618154865,1
-3.512781194739812,5.619108381081146,1
-3.7540181540012756,5.129840096061408,1
-3.670544898495694,5.404429433442675,1
-3.3830735073869236,6.188537766904579,1
-3.76909619777181,5.320003510736651,1
-3.4860757330881875,6.119538943084134,1
-3.943130940776282,5.032042054886319,1
-3.615758740826697,5.972877359519118,1
-3.456511120613215,6.497425593445857,1
-4.295375988331019,4.304279579931185,1
-3.9779922136326435,5.258020185809735,1
-3.732261306209986,6.045534370108832,1
-3.9160598914201543,5.613859912322839,1
-3.8353444564565002,5.950291596960037,1
-4.049547284732227,5.404952113083114,1
-3.95021390886972,5.808367810540556,1
-4.024251793914361,5.679404723302474,1
-3.8196982447904024,6.447404497654896,1
-4.012273209184689,5.933203507182717,1
-4.02926743717409,5.990349977884641,1
-4.185134769871018,5.567377691689518,1
-4.226225117176659,5.531826755533022,1
-4.246059133844194,5.57161257634247,1
-4.146641186373877,6.0587692251372705,1
-4.30199730646364,5.593765853553159,1
-4.225942571940953,6.014544427937019,1
-4.000274995978155,7.0624956540348,1
-4.207586223841741,6.36932061078503,1
-4.405124146224491,5.677966497900781,1
-4.231409955903921,6.5782983240637245,1
-4.474756419395403,5.643314823046545,1
-4.708874485805533,4.693344797503373,1
-4.606517248499114,5.303372676280691,1
-4.735673828214314,4.801447677557528,1
-4.585581276632102,5.700982845822032,1
-4.574203222592581,5.924787581945891,1
-4.427611861524149,6.909345707980195,1
-4.604412888005449,6.118394798195243,1
-4.691103614600279,5.800871304237892,1
-4.620745387919989,6.426876976378989,1
-4.935366745969661,4.629663951676891,1
-4.741725554337508,6.0851442784747025,1
-4.728408231865287,6.407750108838355,1
-4.944710107010763,5.07519004257474,1
-4.767783722616152,6.638911772182866,1
-4.8625135113937965,6.163897574143991,1
-4.947636995025505,5.718607282434753,1
-4.908192170609004,6.347018171853869,1
-4.839928778950753,7.328083415188451,1
-5.001971088850975,6.084788280205296,1
-5.030378284697568,6.127471092821996,1
-5.098743255107337,5.707312620211896,1
-5.1468302278430444,5.476182487128717,1
-5.102071007497145,6.483782648934599,1
-5.203494526543161,5.4765408715738015,1
-5.198411255314068,6.033913534603731,1
-5.24776044973323,5.706651348656768,1
-5.25030615081667,6.281488780505767,1
-5.287147480548078,6.1958392373962345,1
-5.305251513665607,6.619150183217468,1
-5.366965740838414,5.692104593305346,1
-5.393347159343197,5.836899342850899,1
-5.430513964010812,5.412194649399342,1
-5.455277386616147,5.733212763835692,1
-5.483539718497977,6.226354375254386,1
-5.517177769290168,6.454166119561941,1
-5.542013578143659,5.446502323492864,1
-5.58694944795202,6.521078927021113,1
-5.628152989656977,6.811970010727238,1
-5.6487374015592025,6.245952805318869,1
-5.71219017027964,7.122401547997148,1
-5.685654651173435,5.531925314560027,1
-5.700855260225298,5.248461893855517,1
-5.7104634509445535,4.927132300162702,1
-5.852702568312905,6.887070600624615,1
-5.856401366783162,6.380829117550295,1
-5.859458218269894,5.953624333746553,1
-5.906489259929,6.1519701003501295,1
-5.867310929803995,5.3090799031194775,1
-6.089880641835433,7.440494211982233,1
-5.994949856083684,6.053351665262144,1
-6.025536410788239,6.0383021394271665,1
-6.0979452820615805,6.4024704138295805,1
-6.1148887115711466,6.252738373455163,1
-6.1290610642251515,6.095648239765827,1
-6.082774414644588,5.48803667545843,1
-6.213260070144639,6.234509708023687,1
-6.36576385460667,7.06776118192092,1
-6.356482201375659,6.743745672631319,1
-6.415495259043675,6.885130066220617,1
-6.250608861632763,5.632858211371215,1
-6.232085902966788,5.344994324648337,1
-6.348770382023839,5.8508312033854315,1
-6.3987545143739,5.9525455770068945,1
-6.545046886827556,6.559140036339387,1
-6.26079575794426,4.911214540858882,1
-6.666485384643123,6.801624123372006,1
-6.4971694116945145,5.802769379375995,1
-6.493612176002474,5.638647465075538,1
-6.447103933902198,5.289421380878481,1
-6.388584300379965,4.907320837545126,1
-6.752010387132544,6.349339494366737,1
-6.680392360827317,5.903928717506352,1
-6.514832506754441,5.102363863556967,1
-6.53989655545737,5.092913995049509,1
-6.71090272735241,5.64323129730682,1
-7.050997689231059,6.797530780117759,1
-6.781392626359997,5.6716960934998335,1
-6.608899765446902,4.945235295516133,1
-6.842441433444028,5.66316768822801,1
-6.867211251682102,5.639091301878674,1
-6.4764476921234255,4.237835877596794,1
-6.964173656344476,5.746734410167778,1
-6.962167197482401,5.636341119672038,1
-7.161993207386504,6.156501716895676,1
-7.410760010901083,6.802882271870261,1
-7.309122852404376,6.379903181088186,1
-7.07111253696444,5.576494472728134,1
-6.933729045623349,5.092193717616984,1
-7.702641580265777,7.162184185181178,1
-7.224736618711392,5.730946697693463,1
-7.245034213979698,5.694518206651273,1
-7.266479758294011,5.662081967106071,1
-7.3438353100797205,5.7752387835575085,1
-7.298661306560849,5.572325164181597,1
-7.231624568517136,5.321802404987538,1
-7.264887980856406,5.325699534198774,1
-7.410424337529206,5.59936358955189,1
-7.320043435463243,5.305020910483712,1
-7.3069514879503625,5.200093487493821,1
-7.530476722996122,5.638946378773339,1
-7.47145806889426,5.427967320946702,1
-7.934637318340086,6.376878018621591,1
-6.925862248062668,4.0969418354556915,1
-7.897261339184339,6.121628508393849,1
-7.969320566573749,6.190178155418939,1
-7.134979398877281,4.381437846671498,1
-7.614152957078841,5.303081248705614,1
-7.63351077707678,5.274243226843542,1
-7.379262483550128,4.706277708306591,1
-7.57555217305921,5.030258381193702,1
-7.50836969544945,4.840183905580159,1
-8.338137490251027,6.344526252293639,1
-8.139231706137052,5.89527366141575,1
-8.266766156790478,6.055334059492193,1
-8.138336112259749,5.749390144796791,1
-7.62285479619182,4.765380423241982,1
-7.826651799771353,5.066769424057361,1
-8.157633816271542,5.578148681727276,1
-7.665284543176634,4.676475308088552,1
-8.283914214805709,5.659487553342237,1
-8.016746018837102,5.152689412253069,1
-8.000594467231718,5.068006771718861,1
-8.370814288704878,5.60501381067294,1
-8.31425605087057,5.451583528299827,1
-8.081501959054613,5.027028359313419,1
-8.603925212763764,5.775508717113142,1
-7.8942921045157535,4.6334166569821615,1
-8.482729031583496,5.464920689967427,1
-8.503111770284619,5.434700003357794,1
-8.22449034131752,4.969177318223099,1
-8.46726017772085,5.265027052729629,1
-7.948723085258848,4.472834067238772,1
-8.729321860853597,5.519183529118423,1
-8.367484459775714,4.959852020253898,1
-8.272457220156111,4.778294457492031,1
-8.858881990591662,5.517534555088766,1
-8.254264598088449,4.656030688170817,1
-8.020913630685824,4.3027838937551675,1
-7.9872847614815035,4.216512622756226,1
-8.80770916550332,5.222242187099876,1
-8.130625840713147,4.314732467156107,1
-9.292507872196355,5.717435540083223,1
-7.868505579694359,3.9084359530583344,1
-9.329361667096407,5.642283333418708,1
-8.787068691941721,4.9341218119676356,1
-8.692507940653591,4.772397329418545,1
-8.541192632119007,4.548031863655131,1
-8.93481395497586,4.956541576985681,1
-8.786625881021251,4.738019796249047,1
-9.265356577769506,5.228489109572953,1
-8.894477649331597,4.763985207757765,1
-8.93271583559836,4.758511032819113,1
-8.746948228522735,4.5104488189864735,1
-8.89478330936751,4.624215770284011,1
-9.0681585740449,4.761537198837482,1
-8.252990169160334,3.8658189244636216,1
-8.422432776200454,4.004099124797854,1
-9.321962223904425,4.879570629339111,1
-9.103762197922375,4.612284713149579,1
-8.975125988392188,4.439736225233718,1
-9.08357678537061,4.502670888522783,1
-9.247666092021259,4.617178705838142,1
-8.884977575290272,4.226182158127681,1
-8.801004745566022,4.106704409136281,1
-9.248656378290306,4.483741497170741,1
-8.751434784043607,3.983711106078009,1
-9.386686134500696,4.5218161136953645,1
-8.464933935320499,3.6527777645986275,1
-9.70993926306499,4.719226169858423,1
-9.48163299289879,4.473123813122132,1
-9.40497287087592,4.363177623104875,1
-9.758226552778407,4.620952622454484,1
-10.094706425041,4.8574718896602835,1
-9.818137757336576,4.579151782914884,1
-8.5147669296102,3.46696360511215,1
-8.792222329128531,3.6595572060291346,1
-9.116055711416122,3.8837082025705874,1
-9.441016853328012,4.102447022995554,1
-9.693372929580292,4.258534502872147,1
-9.121850832929784,3.778011363318015,1
-9.575799228679017,4.085614799535865,1
-9.142313586757638,3.7215200451985333,1
-9.228856200094981,3.749754183463847,1
-8.860352881666211,3.4454840601580927,1
-9.111286967645443,3.593464174857554,1
-8.917806566812885,3.4220299536658048,1
-9.117787670197268,3.5296662138749038,1
-10.135972431838482,4.198322742263803,1
-9.16249967161863,3.4928280711760467,1
-10.96230696433236,4.667709331058077,1
-9.915292390361682,3.9245018432851406,1
-9.778675555350244,3.7953982570577742,1
-9.270056411904294,3.429355486201881,1
-10.074584045417119,3.9071629300161894,1
-9.44409911889061,3.4717492569955657,1
-9.815675118718907,3.666901996642517,1
-11.081620089125932,4.400805233145299,1
-9.736766865076461,3.544949711527306,1
-10.395649829911923,3.8989224213251457,1
-9.453887713021484,3.3077517094803373,1
-9.815861421626103,3.4827102038590723,1
-10.773966002693632,3.9898078495222706,1
-9.536707898019161,3.254927619304331,1
-10.833103824780544,3.9351804137448454,1
-10.268803965885585,3.585604176291785,1
-9.61273234746698,3.1964800880881445,1
-10.260988502109747,3.504278968993297,1
-10.457887830168815,3.5681092924407047,1
-10.286493966400776,3.4412145398126457,1
-9.126400075414034,2.8208493115132205,1
-9.591284449938387,3.0221055226745968,1
-9.862719574608938,3.1221738079137817,1
-9.969673170498616,3.1394895875084106,1
-10.360375136787791,3.288988925696934,1
-10.133536601777443,3.1466048816799104,1
-9.320853603960844,2.740960546687038,1
-10.271087852317718,3.1377431926285064,1
-10.410960868965178,3.1633749554895667,1
-10.396522595682889,3.1202878771448193,1
-10.697413048376665,3.211807692706272,1
-10.574591766421657,3.1218870726322945,1
-10.379873559540442,3.004449850339586,1
-10.097859628091097,2.8548490324986915,1
-9.222056853680433,2.474344605929848,1
-10.40034639782553,2.9054554178016594,1
-10.28784374797005,2.8270759894285904,1
-10.335158186328089,2.8103232196735375,1
-9.474415129877487,2.459576724186969,1
-9.594000590983253,2.4742950472210854,1
-10.810702505631234,2.8747381556829508,1
-10.202809253738737,2.6269042563962257,1
-10.622705742409313,2.736113364129598,1
-10.261581956067063,2.5803595247262314,1
-10.272262443696096,2.5506020635494435,1
11.035178603485551,1.555370330115125,2
10.163433719307086,1.501982424466204,2
10.524578849794704,1.577631506407972,2
10.187711599077275,1.5732710274932362,2
10.19997388165395,1.6092876635644704,2
10.269944982373769,1.653455116293625,2
10.580608892036729,1.7334708886245407,2
10.15940443474503,1.707086042066713,2
11.181937770408702,1.9043297891442426,2
9.902570462047457,1.7333795159783398,2
10.315507816101942,1.8379893628166832,2
10.160046482952623,1.8456898086034705,2
11.26615314989888,2.0895381394172405,2
10.52194341135521,1.986570419725059,2
11.00574278548108,2.123012356228591,2
9.519731139798498,1.850223258568028,2
10.540684642135172,2.104297803030721,2
10.896876618616925,2.2232853306053837,2
10.416254412852446,2.1517742485062747,2
10.981177528246217,2.3259956971704616,2
10.050051388901025,2.1356201391205656,2
11.161246276268718,2.4565125866685134,2
11.666491189875057,2.6341208268392107,2
10.113757881249084,2.2584122957572794,2
10.056785069597549,2.278336731794494,2
11.142154557591375,2.626910055520792,2
11.202840790962338,2.689158703676166,2
9.983584042266184,2.363353113428257,2
10.03241901305542,2.414078319462046,2
10.101169656368285,2.4721124494539657,2
9.484552331705554,2.306658575633854,2
9.717179487020214,2.4167911627728547,2
9.658323566156254,2.4305551521141613,2
9.781628741163807,2.5076785627473788,2
10.184447153085259,2.6876844019363997,2
10.323513972381372,2.7772871766257063,2
11.049612519275186,3.090517276404717,2
9.60714876826211,2.5811453556101993,2
10.702672107938422,3.0462008548601593,2
10.02056594077654,2.81577403629998,2
10.0986544808428,2.8858620058201443,2
10.48577229301149,3.086846635515281,2
9.47870073812263,2.699232183270131,2
10.294234414932276,3.0886407658606174,2
10.160596061557294,3.070635622657403,2
10.323677801701896,3.1849812398484385,2
10.19701975343727,3.1686677848232074,2
11.357227631842612,3.7558927533526183,2
9.663673159356666,2.995946477250733,2
9.706686353607557,3.054096635555564,2
9.642223552301733,3.0598374610270804,2
9.663443993283213,3.10806810577842,2
9.604411012419213,3.1155949336564803,2
10.559414142416223,3.6543137407271513,2
10.662617461520727,3.756234037345345,2
9.59270150796171,3.223192992902201,2
9.439138336936018,3.176802566123884,2
10.105220892493655,3.5885203525001454,2
9.553174765825531,3.316941552266243,2
10.151097985571653,3.70353387292969,2
9.909315196236669,3.6058207183544084,2
9.006417985462598,3.1065756813403547,2
10.559701848549864,4.0897518439339375,2
10.663852727915483,4.204833010469224,2
9.41815698924275,3.471132788267091,2
9.513897397563756,3.572261810559461,2
9.833877629385773,3.8217221489083806,2
9.837682252308216,3.8690631749588746,2
9.978233194554406,4.0087901376621975,2
10.626246100727382,4.498222430169226,2
9.522248289195662,3.7876705420068384,2
9.197120379207727,3.602102551984791,2
8.894587716523588,3.426059895908881,2
9.191826592890276,3.679023947030126,2
9.509438439053083,3.953986565453579,2
10.366121382331972,4.639720803400058,2
9.234795871850988,3.8358567886739543,2
9.56652569938812,4.134346123687825,2
9.430246090524886,4.074853718085281,2
9.974028246141987,4.552724472776878,2
10.57354772829812,5.088942100164548,2
9.123714249827612,3.963939640670282,2
9.121319198662857,4.0059356205228,2
9.803249449297347,4.624845836298299,2
9.611706389468708,4.514628126255321,2
10.11414861530158,5.002198717107946,2
9.516338669913395,4.5348752121873535,2
9.068566359205327,4.186856489640921,2
9.467801713923897,4.595284810635131,2
9.670527696431249,4.834245782869477,2
9.516242501306547,4.74633661346142,2
9.352564184939588,4.646098063260704,2
9.568206440200495,4.906321883700036,2
9.583963774922259,4.97859575878445,2
9.645930664941964,5.097797422916507,2
9.305455084026361,4.816053950819896,2
8.934638211220573,4.4943677710165515,2
9.040307253732271,4.65434749768736,2
9.452933676501646,5.139735275024812,2
8.590837161322925,4.284108679208579,2
9.050794236305443,4.827901689931517,2
8.714525975954881,4.516032910484354,2
8.858549434523708,4.72731969232769,2
9.329408610354724,5.312161751370923,2
8.868462934568315,4.848791843413482,2
8.783860581700484,4.807316017350324,2
8.209786709615871,4.188045527154147,2
8.99808857163317,5.176287791771986,2
8.929318269514527,5.1548375697898905,2
9.473788232875044,5.886022613470163,2
8.511220433988935,4.757656712273936,2
8.679893518725482,5.027464319811262,2
8.661832529256149,5.064665590059606,2
9.117060133113764,5.71989458123389,2
8.478129424661072,4.9449006554669594,2
8.583552588499384,5.146547922410199,2
8.670097452534813,5.327920394332678,2
8.490838202450755,5.145730074793045,2
8.240798873642516,4.857611815220524,2
8.433158934039554,5.192216616323322,2
8.70217572762354,5.647884223700907,2
7.961111308865716,4.62811017562586,2
8.321188321335237,5.224343693021474,2
8.015980875941239,4.826953911173599,2
8.606029270977658,5.799686558692007,2
7.695090949414129,4.446402428617883,2
7.9773908524284955,4.952399927634193,2
8.24361271534372,5.44826758256736,2
8.581276179226986,6.077518375912986,2
8.042774694273108,5.259266556883426,2
7.8632087529672425,5.02430316638028,2
8.565153431544388,6.307139299933766,2
7.540223256148979,4.592246315978196,2
7.294567191716077,4.213596428185756,2
8.033223349274499,5.6143869301200295,2
7.731373866125805,5.135140428493767,2
7.555477073490726,4.875960142417905,2
8.006960636415252,5.811021080766072,2
7.845099302792545,5.58090727982589,2
7.5941616789681134,5.164680248292354,2
7.37372496703583,4.794394935039497,2
7.90976565930821,5.970090429879606,2
7.816462267599901,5.8669707001781575,2
7.590925324679362,5.476216818993748,2
8.044957267297434,6.552534469427261,2
7.287099596381663,4.974669261865692,2
7.148063851113972,4.737450501888679,2
7.319493549137807,5.208365483788032,2
7.440340430956031,5.578461643873819,2
7.473678711783473,5.752467370758444,2
7.3297028642553474,5.4973015489532635,2
7.428904556325684,5.841103084263868,2
7.044191184014588,4.958550666213333,2
7.592339565591094,6.480429454907029,2
7.232304929793459,5.637741059358309,2
7.445671125692665,6.326119117263237,2
7.250809584024607,5.9023773536368775,2
7.237867292227862,5.979502088631146,2
7.223703929585757,6.0561167862133285,2
7.163977031949113,5.998959017730223,2
7.16394556663787,6.122141644571152,2
7.25128514706265,6.526654343803403,2
7.0106896107023875,5.889871912798472,2
7.063937374612263,6.195102454427713,2
6.89151297975739,5.746385610080776,2
7.109027024540854,6.639002825049679,2
6.72861011592349,5.426834730070399,2
7.083715983959567,6.870698885061075,2
6.761236948723142,5.813409832257115,2
6.520760020243184,5.013771372386271,2
6.715686726099751,5.9291622148446965,2
6.567176795049912,5.465624596057247,2
6.740653897439268,6.362745991395209,2
6.506224535109149,5.49723235002816,2
6.499856976685561,5.625457177736234,2
6.2895412297005135,4.784800042741306,2
6.432152440817051,5.635828197194122,2
6.1738106588907335,4.481059033198492,2
6.2408240985769465,4.981320390220045,2
6.459333406178142,6.371250349257321,2
6.423047539987422,6.393058285517505,2
6.349102757617685,6.186225502906004,2
6.182565194891319,5.366790964317491,2
6.232215668779162,5.917154824896627,2
6.200357618734419,5.94852388531377,2
6.072435420862518,5.266752946319628,2
6.2424877757641966,6.855149531548782,2
6.155581006483866,6.48739487729873,2
6.042451819218656,5.837100168556593,2
6.02297307442567,5.9887948868233485,2
5.997464218686734,6.100829209146786,2
5.839247774028112,4.759684427652069,2
5.901067892016614,5.835087904878718,2
5.846417132735135,5.577720675990066,2
5.800225660687547,5.388771108774655,2
5.794875806559642,5.822332708997573,2
5.8271299268775865,7.069803031203901,2
5.750898193974133,6.37865707310699,2
5.683374700964811,5.653681138428183,2
5.671789531325472,6.340787528071673,2
5.645538097920419,6.837799389428754,2
5.598291052009847,6.553910518517477,2
5.552705640256848,6.03550239957963,2
5.514928818647649,5.611813770536019,2
5.478366126424435,6.418890803811988,2
5.441243695337367,6.2357615567047615,2
5.397840485725742,6.53617343281763,2
5.361826560417254,6.379328812132642,2
5.314760610834023,6.6266832668475075,2
5.312245405161492,5.675090220109508,2
5.2258187286700775,6.783941457947041,2
5.220676837018218,6.110932656192517,2
5.114125827159811,7.233223975334775,2
5.183524964443517,5.575555637169023,2
5.039559990859262,7.024007232258105,2
5.073003633342805,6.100905755627458,2
5.082318588563917,5.59018502529146,2
5.039313189502455,5.687082785534208,2
4.995137092169241,5.781210480449799,2
4.910466714927083,6.221323224455078,2
4.865668343802036,6.275703249736086,2
4.9108059718244155,5.6183479495981725,2
4.833359242454557,5.940614949521208,2
4.614519261681274,7.2226764368651715,2
4.60639291984309,6.970017701191504,2
4.683479442435716,6.198054674704521,2
4.6847149493969855,5.956193205519684,2
4.640566908967413,5.99867476730878,2
4.552172620731237,6.283771062841555,2
4.694331402399655,5.311698086249002,2
4.575566799195347,5.756575595765904,2
4.708746004733493,4.919785055826979,2
4.426149177627944,6.1283096263297825,2
4.357557760549247,6.265813507722009,2
4.4681070040246,5.595663931110112,2
4.1557981518032205,6.790416075741791,2
4.505656122067199,5.146997323391699,2
4.510089100384856,5.000726045843234,2
4.23070490277585,5.975312771103976,2
4.069300369700017,6.443381093718535,2
3.9301879781018223,6.801730505105548,2
4.233051367145264,5.551630751775569,2
3.9463764043715908,6.4292925474911335,2
4.096233487565806,5.774821735558772,2
4.085006590328734,5.687510844513164,2
3.8636239671211356,6.2825506019897706,2
3.867506413264448,6.1382965085055545,2
4.244513516597539,4.85486772170262,2
3.636845816852607,6.583257140213807,2
3.61524607841221,6.514882188445142,2
3.972817716881747,5.36522810340304,2
3.734754858758409,5.931037269104419,2
3.6788886235744735,5.9734895364658245,2
3.6920727517385137,5.8290686423289815,2
3.831105360055657,5.361419566166284,2
3.826123737554857,5.281446731165079,2
3.6514606834613392,5.62923460769251,2
3.346596423240101,6.28150856840113,2
3.453510574555046,5.917302346329296,2
3.632434123708813,5.397494684377599,2
3.3282218871926483,6.012779557952542,2
4.169944311048963,4.010117333703972,2
3.1630411229106037,6.187127910259415,2
3.848902396674298,4.595159451702923,2
3.472654553423444,5.331571958168117,2
3.636959458294564,4.906709410035589,2
3.6546488724973836,4.798686931873478,2
2.973901460421625,6.10577062464791,2
3.3766766526430385,5.214740649628702,2
3.1233200064653968,5.633965782905205,2
3.199123433103271,5.4074069593458765,2
3.019822592209785,5.668285493789697,2
3.1003333299995206,5.438992655581998,2
3.4614790761297,4.706624334195436,2
2.7670702946336005,5.885285382595375,2
3.173927764123261,5.088351117179757,2
3.4637810997403653,4.519457656070266,2
3.0950913727679925,5.088239873300878,2
2.4716047929022107,6.064010465544034,2
2.637823507983979,5.708451115293258,2
2.981938293075026,5.075685638707763,2
2.952732971833481,5.057067611114513,2
2.9145557370018755,5.052518887537425,2
2.1025974411311834,6.241257610703496,2
2.624063830990769,5.3672781859478,2
2.576518315263407,5.370364014215621,2
2.342599224276789,5.6470049821458295,2
2.578810864957884,5.233192209900191,2
2.7197069300658794,4.967351079794197,2
2.669288911242628,4.977795219998264,2
2.596768695399597,5.017895725629244,2
2.5555964298115734,5.013434062615615,2
2.25253484796971,5.360085716952039,2
2.4656097629654923,5.013118814494819,2
2.1880048079793513,5.315062275925211,2
2.456824088487051,4.906037167104971,2
2.369360589306772,4.958930926354624,2
3.120793416842528,3.9643856157232227,2
1.9950215624064387,5.302948815276836,2
2.1818460816849568,5.01397620381254,2
1.9016768698782016,5.289370584942029,2
3.385357963613117,3.484057782428,2
1.412370755619114,5.731977028250559,2
2.259417019371649,4.697039203453851,2
1.7352300315098286,5.232931476021321,2
2.5682096588222856,4.248765210667179,2
1.8751560583406843,4.958828980662389,2
2.5270617826748407,4.20009864574058,2
2.32718721716169,4.366113019308903,2
1.250539957282025,5.443550746535332,2
2.0979020986940564,4.506383462403325,2
1.9008608003930716,4.6562021279591805,2
1.5978095771016374,4.90715276329551,2
1.7295479641337055,4.721052937722119,2
1.8512393994034269,4.549254120984357,2
1.7327576954329724,4.6118696246505735,2
0.8177914799216008,5.424581699671364,2
1.8664680258617339,4.384217455186816,2
1.727743042488643,4.462835604583221,2
1.3248183646860898,4.77745675894896,2
1.2730463016391411,4.769085507321464,2
1.2091749391839324,4.770710393481556,2
1.4307096650887647,4.524220334928727,2
2.2184849250317327,3.800706164409696,2
0.9234311837785976,4.84917167058758,2
2.1798779120652885,3.7516896185308015,2
1.4867033195004318,4.277534791067932,2
1.9571674286991114,3.8508766743697382,2
1.6121769452939163,4.082447527150986,2
1.4042154676636622,4.199380256638709,2
1.3847143934498112,4.166977270962706,2
1.3138444131123572,4.17359608205088,2
0.7180711825070496,4.571118516703363,2
1.2531179527865222,4.123979560863621,2
1.569638203529272,3.847591407421335,2
0.9590349327709458,4.240179984574398,2
0.825084667661053,4.285016283804119,2
1.9940424104045467,3.425931167683625,2
1.0716584612413458,4.017063290494279,2
0.998254736886854,4.019655211633484,2
1.4765964202221733,3.6568248846964844,2
0.6157327649346307,4.174822732274313,2
1.3640513759036956,3.6460728374616993,2
1.2050810652661905,3.704220232402345,2
1.3379653464069614,3.5787244879741222,2
1.222784378701495,3.6074869489279,2
1.7761532402150473,3.2333762898537386,2
1.937757865087279,3.101588549810002,2
0.3478429566246497,3.989580051201444,2
1.5986718085107952,3.226233123816524,2
1.6582546566089986,3.1555666968102596,2
2.2532494252893813,2.790983544671982,2
1.4416009366959726,3.200591856351317,2
1.788046909807301,2.97814799048877,2
0.1978002359146931,3.776581636753057,2
0.5151618344255748,3.56464305479391,2
1.4060115403490219,3.06901782116608,2
-0.18923219828177462,3.8237740643845304,2
0.4758461594628942,3.448563243677207,2
1.16546134198616,3.0738302425965847,2
2.3315936870069556,2.4878499791510382,2
-0.2894820136909315,3.667767583996171,2
1.7036334174980672,2.716185934338265,2
1.8316473133972941,2.6264800699943383,2
0.35194316099373957,3.2381616291613167,2
-0.4463331261695114,3.5342647533713865,2
0.11986561005745688,3.2471374907212125,2
0.5593133651269291,3.021768521553577,2
0.5276477755512037,2.99288313448268,2
0.3688998126880927,3.0135785910160426,2
0.40739955378774795,2.956103875447782,2
0.6617092951802066,2.818393879653045,2
0.7483629536315393,2.7467286098628474,2
0.8300376317416234,2.6784823965508755,2
1.2094031638180125,2.5071953398947397,2
0.9300219776575327,2.568314596522294,2
1.7222575352643883,2.265984985639246,2
0.8038445186791714,2.5360883373306256,2
1.3017317931004797,2.339712609405769,2
1.3580394401370164,2.288826673541129,2
0.6118806834208295,2.48233084695333,2
-0.09618281154474317,2.6529709583978356,2
0.16515820846257423,2.533933712801531,2
1.5922976007548115,2.0930637262975145,2
1.248187749808383,2.156241650879033,2
0.12012155838024974,2.421320947378846,2
1.2277648640567032,2.0957116017583792,2
0.7786931391240746,2.1745757720180077,2
0.3184636745866003,2.2493656529453627,2
1.1967440771279954,2.004734037972565,2
0.5611915165118324,2.115536301214553,2
1.3970282714410587,1.8956197143485949,2
0.9605125966342136,1.9565770991012634,2
0.4120931969193151,2.033784185778599,2
1.5310597282593714,1.7765933110650827,2
0.326511662819871,1.973505691275011,2
0.5912770865813517,1.886990077312849,2
0.2467545513034013,1.9100770495704331,2
0.43480287563396924,1.8398287979691266,2
-0.2468490615474508,1.9102114722427803,2
0.06261225132395364,0.028324962448553582,3
-0.2147027705626265,0.2648463771783654,3
0.06114875151614189,-0.03524938902954561,3
0.27164901451819395,0.24325082191310096,3
0.024430035162852165,0.03223720740506012,3
0.02029584560194119,-0.9877332831769357,3
-0.3509958439033777,-0.46966769690937715,3
-0.3314504587754741,-0.07204377786080773,3
-0.7013026358998468,-0.6048473714205538,3
0.8747883715934697,0.29996436499810225,3
-0.6219316176956425,0.7653754161718487,3
-0.34645259889795366,0.6093809258486583,3
-0.3592036327845987,-0.106721435465104,3
0.44746218847222063,0.745363068424976,3
-0.1474748391460139,0.07433372860105578,3
0.6238710363368669,-0.16854298555901967,3
-0.33674531212193426,-0.3067013317704699,3
0.13949708111190098,-0.15123484324406417,3
-0.41767352662987867,-0.19408840927061438,3
1.0725745638866941,0.08520811118774385,3
-0.5937992095147564,0.0802869905249323,3
0.15491035511351375,0.0015230100767072347,3
0.31688844046604925,0.21846908487317493,3
0.20689954872574912,0.5953231373931707,3
-0.09264382943885414,0.47477706772066186,3
-0.06491034986671308,-0.7424489842249518,3
0.0219057359895548,-1.2769605674509774,3
-0.07350100081424431,0.46715995561963686,3
0.48193955839745484,-0.6834393492077105,3
1.1052615007956756,-0.11238270094634177,3
-0.2787458925039168,-0.5850565130296798,3
-0.6849014897895389,-0.9009902187900098,3
-0.04414102417562741,0.270731364102394,3
1.2898546688271593,0.3795775801513234,3
-0.4018372839848654,-0.2882552003633597,3
0.8195584027220337,-1.295521146072455,3
0.8388504070382203,-0.2731222241262414,3
-0.2767941208539973,0.19590200270127325,3
0.2844915395926377,-0.7394557843870644,3
0.814198311564269,0.09167995988957782,3
-0.18956387049374354,-0.007654924586497779,3
-0.10179018005118089,0.2896457498005442,3
-0.29084045697432187,0.05979018420707663,3
-0.5073783653464334,-0.48653447044077774,3
-0.32463877253300355,0.5982857508322457,3
-0.6119701333811283,-0.07926478651348501,3
0.017041734129613035,-0.01365226975496593,3
-0.3849866155293209,-0.466633979536598,3
0.11689295589537385,-0.22164112559575516,3
-0.7779478231018137,-0.44240135701345046,3
0.16544011610722853,-0.0864730299617115,3
0.4167644808044623,0.8558542400711717,3
-0.9968678212857277,-0.6859505714656782,3
0.18702828492378606,-0.8067806989383706,3
0.6138344962366461,0.7355851637468043,3
-0.6048205093456027,-0.10466183857593306,3
0.8362861934188517,-0.3345363693299583,3
0.2095095046830226,0.5199523436980382,3
-0.35250592787920443,-0.30280776986843205,3
-0.027884538828853004,0.9130048567734681,3
0.2791634562608612,0.33896293566963454,3
0.03800269570620575,-0.24395570407285133,3
0.2693779962231846,1.0786541066327517,3
-0.4603367965396831,-0.3028574615016692,3
0.084680412018039,0.3710476860046535,3
-0.7068572484524901,0.14964629020324596,3
-0.05561303067435016,0.650870644699399,3
-0.4519538207323949,0.7807555983634263,3
-0.3677649712948833,0.016002074532883312,3
0.6180465876052187,-0.37670893517309173,3
0.5456550602971345,0.2299860714695582,3
0.3045690604535885,-0.33885768487605306,3
-0.5461563823362895,1.0066936237633115,3
-0.15820422484740096,0.06826766554136872,3
0.6065488499895917,-0.18266077565605435,3
0.07085845681995237,0.0923401529324542,3
1.159664769990847,-0.6735631447648482,3
0.19665891969718594,-0.48580701925532577,3
0.0960245582450158,0.6002069539722127,3
-0.1545582321012507,-0.32844713948569787,3
0.06677045239114116,-0.5234554913409698,3
-0.07623491819027195,0.2683263762636431,3
0.3540543383442952,0.5928520773314985,3
0.47835115839729203,0.35947665533253337,3
-0.39299473025397474,0.4980238429029082,3
-0.665616476778889,-0.3783975442847304,3
-0.9181026865516483,-0.7109053333709219,3
0.25399566345627184,0.7506668259777434,3
-0.5516833030869368,-0.16133991942106787,3
-1.0764452964762414,-0.12541650822752368,3
0.19428930226548205,0.664097070924529,3
1.2464997587163953,0.27811500470032996,3
-0.003035455769946662,0.22794388604080382,3
0.41924538722582094,1.082501172450542,3
0.040914679273782506,-0.3217591151900715,3
-0.04944482659557133,0.4639200640406186,3
0.4595382414938843,0.02850656244854225,3
-0.14513727209432567,0.13429613943162846,3
0.13369615703595147,0.7642342132062658,3
0.1608489030980068,0.25391787814481187,3
-0.3340452268215244,0.2691480395248165,3
0.4960211747682614,0.5362536686549011,3
-0.08747987834770432,-0.18247636477144266,3
-0.37787257974642235,-0.4196048336695032,3
0.26825492178520177,-0.5224045970105168,3
-0.44923399089551863,-0.9831782946880009,3
0.014090578684564124,1.028103564970161,3
-0.004559498322101772,-0.5516041828608416,3
0.542947782915789,-0.110626811792886,3
0.2373491164399764,-0.13840664994446034,3
-0.012513479372571959,0.15370334890455037,3
0.40888314960014355,0.4078686062696484,3
0.6951037745086567,0.4302367441798727,3
0.2789051531759311,-0.2915387192844692,3
0.0051763099216903035,-0.08356085689320575,3
-0.6559181161750798,0.14128997524414982,3
-0.5325568315376863,-0.12434556309177354,3
-0.15261235217733382,0.8036727880099963,3
-0.3047561010796416,0.24548747581912567,3
-0.093485651492723,0.36743889302490873,3
